{
    "resolution": [
        240,
        320
    ],
    "camera_matrix": [
        [
            195.59991493021536,
            0.0,
            126.30329231220072
        ],
        [
            0.0,
            197.08370046638836,
            118.1192330486224
        ],
        [
            0.0,
            0.0,
            1.0
        ]
    ],
    "dist_coeffs": [
        [
            -0.47955579534791376,
            0.23379196820308248,
            -0.00035045328652110234,
            0.027466045694983555,
            -0.046989892296624605
        ]
    ],
    "calibration_error": 5.315849132922425
}